group,round_number,match_date,team_a,team_b,team_a_win_prob,draw_prob,team_b_win_prob,expected_goals_a,expected_goals_b,expected_goal_diff,most_likely_score_a,most_likely_score_b,most_likely_winner,sample_score_a,sample_score_b,sample_winner,sample_goal_diff,sample_team_a_points,sample_team_b_points
A,1,2026-06-11,Mexico,South Africa,0.5560846183097617,0.2361061681934898,0.20780921349674833,1.500349227672246,0.7403662005631533,0.7599830271090928,1,0,Mexico,3,0,Mexico,3,3,0
A,1,2026-06-11,South Korea,Czechia,0.30721216815258656,0.15697017540564517,0.5358176564417683,1.3143849525697213,1.4022429880378522,-0.08785803546813087,1,1,draw,2,0,South Korea,2,3,0
A,2,2026-06-16,Mexico,South Korea,0.4454407594927268,0.18648582906981015,0.3680734114374631,1.2917807902730953,0.9925187906823126,0.2992619995907827,1,0,Mexico,1,2,South Korea,-1,0,3
A,2,2026-06-16,South Africa,Czechia,0.2707704512956337,0.24152558652747846,0.48770396217688783,1.1547185641851072,1.5155304179426043,-0.36081185375749714,1,1,draw,0,0,draw,0,1,1
A,3,2026-06-21,Mexico,Czechia,0.3106232925297689,0.20923319963368617,0.4801435078365451,1.3423101109717155,1.169595084602668,0.17271502636904756,1,1,draw,2,0,Mexico,2,3,0
A,3,2026-06-21,South Africa,South Korea,0.1261841400900761,0.24500908302008145,0.6288067768898424,0.8758314498481696,1.564713448296049,-0.6888819984478793,0,1,South Korea,1,3,South Korea,-2,0,3
B,1,2026-06-11,Canada,Bosnia and Herzegovina,0.34567158665003694,0.3334353192679867,0.3208930940819764,1.3051135517345551,0.9726444916999093,0.3324690600346458,1,0,Canada,0,1,Bosnia and Herzegovina,-1,0,3
B,1,2026-06-11,Qatar,Switzerland,0.028611837159922156,0.16344389407263418,0.8079442687674437,0.6103345627728864,1.9210497737669057,-1.3107152109940192,0,1,Switzerland,1,1,draw,0,1,1
B,2,2026-06-16,Bosnia and Herzegovina,Switzerland,0.1417502938488691,0.18671845475654375,0.6715312513945871,0.9483183700384705,1.8950379272771896,-0.946719557238719,0,1,Switzerland,1,4,Switzerland,-3,0,3
B,2,2026-06-16,Canada,Qatar,0.4359249047735959,0.37815630002020434,0.1859187952061998,1.3314676289298037,0.6288788104139037,0.7025888185159,1,0,Canada,0,0,draw,0,1,1
B,3,2026-06-21,Bosnia and Herzegovina,Qatar,0.4015623851302639,0.20648095813297596,0.39195665673676017,1.394541377529704,1.1815532081408853,0.2129881693888187,1,1,draw,0,0,draw,0,1,1
B,3,2026-06-21,Canada,Switzerland,0.09678162728376874,0.2454340996103776,0.6577842731058536,0.7894902545975364,1.4471546721539135,-0.6576644175563771,0,1,Switzerland,2,0,Canada,2,3,0
C,1,2026-06-11,Brazil,Morocco,0.5078550426801639,0.23568708713745384,0.25645787018238225,1.4442422914069633,1.3718814407976112,0.07236085060935205,1,1,draw,2,1,Brazil,1,3,0
C,1,2026-06-11,Haiti,Scotland,0.22380288090827802,0.1443095087908147,0.6318876103009073,1.0301371552685872,1.6699300521348923,-0.6397928968663051,1,1,draw,1,1,draw,0,1,1
C,2,2026-06-16,Brazil,Haiti,0.765514082438023,0.1511969127052769,0.08328900485670004,2.0360825834780623,0.8816354524173065,1.1544471310607558,2,0,Brazil,2,0,Brazil,2,3,0
C,2,2026-06-16,Morocco,Scotland,0.5436593327922726,0.153183613242014,0.30315705396571335,1.6635725915261204,0.9409495977850432,0.7226229937410772,1,0,Morocco,6,2,Morocco,4,3,0
C,3,2026-06-21,Brazil,Scotland,0.6979231117713218,0.15235243214534597,0.14972445608333226,1.9393792977811446,1.1294131666265483,0.8099661311545963,1,1,draw,0,1,Scotland,-1,0,3
C,3,2026-06-21,Morocco,Haiti,0.632547986418952,0.17726965892420765,0.19018235465684033,1.759977656072969,0.6914507795160901,1.068526876556879,1,0,Morocco,0,0,draw,0,1,1
D,1,2026-06-11,Australia,Turkey,0.25157833149006026,0.16217673040071162,0.5862449381092281,1.1673454484613492,1.73341256744743,-0.5660671189860809,1,1,draw,0,0,draw,0,1,1
D,1,2026-06-11,United States,Paraguay,0.6019035682925196,0.15334566378646802,0.24475076792101239,1.5995346473001573,1.1090807403286234,0.4904539069715339,1,1,draw,2,0,United States,2,3,0
D,2,2026-06-16,Paraguay,Turkey,0.1762672458050847,0.14306253553003345,0.6806702186648818,0.9483537625857054,1.8393268315356788,-0.8909730689499734,0,1,Turkey,2,1,Paraguay,1,3,0
D,2,2026-06-16,United States,Australia,0.44546956812408484,0.1941693636093226,0.3603610682665925,1.440338667380399,1.3796173816396018,0.06072128574079727,1,1,draw,1,2,Australia,-1,0,3
D,3,2026-06-21,Paraguay,Australia,0.40421243111528526,0.3073854907661063,0.28840207811860846,1.1102857644815562,1.2022168388801064,-0.0919310743985502,1,1,draw,0,1,Australia,-1,0,3
D,3,2026-06-21,United States,Turkey,0.32512286901297954,0.10330404236290563,0.5715730886241147,1.3900430226614533,1.8992144063990961,-0.5091713837376428,1,1,draw,0,2,Turkey,-2,0,3
E,1,2026-06-11,Côte d'Ivoire,Ecuador,0.3111718902897099,0.18370316844210816,0.505124941268182,1.0684748276356213,1.18418118909942,-0.11570636146379876,1,1,draw,1,2,Ecuador,-1,0,3
E,1,2026-06-11,Germany,Curaçao,0.6013257456969154,0.11037571206671172,0.28829854223637297,2.1271145754714986,1.0799637008964977,1.047150874575001,2,1,Germany,4,1,Germany,3,3,0
E,2,2026-06-16,Curaçao,Ecuador,0.1330818533490069,0.111818109660598,0.7551000369903952,0.733705784846947,1.7257154330468718,-0.9920096481999248,0,1,Ecuador,0,0,draw,0,1,1
E,2,2026-06-16,Germany,Côte d'Ivoire,0.38819504037690367,0.2355303014013412,0.37627465822175515,1.709084982336328,1.2869665304286415,0.4221184519076866,1,1,draw,3,3,draw,0,1,1
E,3,2026-06-21,Curaçao,Côte d'Ivoire,0.11860041282403022,0.19420578943055375,0.6871937977454161,0.912084102967005,1.9057317040889605,-0.9936476011219555,0,1,Côte d'Ivoire,0,3,Côte d'Ivoire,-3,0,3
E,3,2026-06-21,Germany,Ecuador,0.5200044931888804,0.22860826140060164,0.25138724541051793,1.6343938031478875,0.997225869273398,0.6371679338744896,1,0,Germany,0,1,Ecuador,-1,0,3
F,1,2026-06-11,Netherlands,Japan,0.35085635847566304,0.21917446045903857,0.4299691810652984,1.2995327339120761,1.3969625390491807,-0.09742980513710453,1,1,draw,2,2,draw,0,1,1
F,1,2026-06-11,Sweden,Tunisia,0.49365695956892397,0.18934160473153253,0.31700143569954353,1.4053830432296652,1.3951824367409582,0.01020060648870702,1,1,draw,0,3,Tunisia,-3,0,3
F,2,2026-06-16,Japan,Tunisia,0.6050509992323846,0.1345947185329415,0.26035428223467394,1.7224516121879931,0.7836464371861754,0.9388051750018177,1,0,Japan,3,0,Japan,3,3,0
F,2,2026-06-16,Netherlands,Sweden,0.37641868751647706,0.28925706848238975,0.33432424400113325,1.838433319333111,1.1513025264786199,0.6871307928544912,1,1,draw,0,4,Sweden,-4,0,3
F,3,2026-06-21,Japan,Sweden,0.36637303834475865,0.17787581484643938,0.45575114680880197,1.67831994152384,1.0775931343767473,0.6007268071470926,1,1,draw,0,0,draw,0,1,1
F,3,2026-06-21,Netherlands,Tunisia,0.47900529034122036,0.16690276773217202,0.35409194192660753,1.7393965868159402,1.00685008882431,0.7325464979916303,1,1,draw,4,1,Netherlands,3,3,0
G,1,2026-06-11,Belgium,Egypt,0.4523293632489276,0.19551212056304887,0.35215851618802363,1.6332198517525285,1.199260799474473,0.4339590522780554,1,1,draw,0,1,Egypt,-1,0,3
G,1,2026-06-11,Iran,New Zealand,0.5505267663868819,0.17979881168692444,0.26967442192619373,1.64439782041675,0.7603102077505051,0.8840876126662449,1,0,Iran,0,1,New Zealand,-1,0,3
G,2,2026-06-16,Belgium,Iran,0.39345594890092944,0.21667806684445617,0.3898659842546144,1.6185095738398074,1.3720989692741747,0.24641060456563268,1,1,draw,1,1,draw,0,1,1
G,2,2026-06-16,Egypt,New Zealand,0.6093834313745283,0.11367662896475411,0.2769399396607176,1.551091324621316,0.6990853105742197,0.8520060140470963,1,0,Egypt,3,1,Egypt,2,3,0
G,3,2026-06-21,Belgium,New Zealand,0.5316677087368202,0.18403372097405576,0.284298570289124,1.9840037901008118,1.102863915603193,0.8811398744976189,1,1,draw,2,0,Belgium,2,3,0
G,3,2026-06-21,Egypt,Iran,0.4122184284307269,0.25634108003511896,0.331440491534154,1.0477083328134482,1.0974075313760683,-0.04969919856262006,1,1,draw,0,0,draw,0,1,1
H,1,2026-06-11,Saudi Arabia,Uruguay,0.19375283855877654,0.1444532390848236,0.6617939223563998,0.7636078436870275,1.4743237558792173,-0.7107159121921898,0,1,Uruguay,2,1,Saudi Arabia,1,3,0
H,1,2026-06-11,Spain,Cape Verde,0.6894548081357912,0.1721245072462902,0.13842068461791868,2.0032393129591006,0.7651938901080181,1.2380454228510827,2,0,Spain,3,0,Spain,3,3,0
H,2,2026-06-16,Cape Verde,Uruguay,0.3008992809445474,0.1636430649605357,0.5354576540949167,0.9101515622495638,1.3557125897922315,-0.4455610275426677,0,1,Uruguay,0,3,Uruguay,-3,0,3
H,2,2026-06-16,Spain,Saudi Arabia,0.5777789714006738,0.17266901529248843,0.24955201330683782,1.911858782410504,0.8270631214673116,1.0847956609431924,1,0,Spain,2,0,Spain,2,3,0
H,3,2026-06-21,Cape Verde,Saudi Arabia,0.4295468058724596,0.2165785631496072,0.35387463097793315,1.3055503700709141,1.212098775730417,0.09345159434049721,1,1,draw,2,0,Cape Verde,2,3,0
H,3,2026-06-21,Spain,Uruguay,0.40184424180013556,0.4102415971386268,0.1879141610612377,1.6228997038941475,0.8409965598213154,0.7819031440728321,1,0,Spain,0,2,Uruguay,-2,0,3
I,1,2026-06-11,France,Senegal,0.4970297026770509,0.13651587688394415,0.36645442043900495,1.676730428910093,1.121684664575555,0.5550457643345381,1,1,draw,1,2,Senegal,-1,0,3
I,1,2026-06-11,Iraq,Norway,0.06920695617713316,0.08744874856290037,0.8433442952599665,0.8441157319641961,1.9326900603957304,-1.0885743284315343,0,1,Norway,4,2,Iraq,2,3,0
I,2,2026-06-16,France,Iraq,0.6437220521221809,0.12823141011912834,0.22804653775869074,1.8563569992042788,0.8241094135814281,1.0322475856228506,1,0,France,2,2,draw,0,1,1
I,2,2026-06-16,Senegal,Norway,0.21472519738959606,0.18019243297013268,0.6050823696402712,1.2304016293130442,1.6575961063354285,-0.42719447702238433,1,1,draw,0,2,Norway,-2,0,3
I,3,2026-06-21,France,Norway,0.3756036594563895,0.11620344717288782,0.5081928933707226,1.7460789675280113,1.5462586662050204,0.1998203013229909,1,1,draw,3,2,France,1,3,0
I,3,2026-06-21,Senegal,Iraq,0.4872710718804524,0.18897373325286795,0.3237551948666797,1.3746354507355043,0.901750796978725,0.47288465375677935,1,0,Senegal,1,1,draw,0,1,1
J,1,2026-06-11,Argentina,Algeria,0.3961696595314435,0.18478255479680455,0.419047785671752,1.4578861822737317,1.0835505810687704,0.37433560120496123,1,1,draw,0,1,Algeria,-1,0,3
J,1,2026-06-11,Austria,Jordan,0.44233965925305313,0.21508871647326222,0.34257162427368465,1.6736833413950343,1.2168338963066871,0.45684944508834713,1,1,draw,0,0,draw,0,1,1
J,2,2026-06-16,Algeria,Jordan,0.5223635910089094,0.16226897357891631,0.31536743541217427,1.6371783249495446,1.0421059267959358,0.5950723981536088,1,1,draw,2,0,Algeria,2,3,0
J,2,2026-06-16,Argentina,Austria,0.600197420283857,0.20530588441474376,0.19449669530139926,1.7205313706580592,1.0347220917027964,0.6858092789552628,1,1,draw,2,0,Argentina,2,3,0
J,3,2026-06-21,Algeria,Austria,0.35767430118964,0.22224043268393878,0.4200852661264212,1.288396061760122,1.3434255132373742,-0.055029451477252245,1,1,draw,1,0,Algeria,1,3,0
J,3,2026-06-21,Argentina,Jordan,0.5288211674069732,0.20440918703693384,0.26676964555609306,1.8511384470266947,0.946851711143968,0.9042867358827267,1,0,Argentina,4,3,Argentina,1,3,0
K,1,2026-06-11,Portugal,Democratic Republic of the Congo,0.6121614147280098,0.1991614206906712,0.18867716458131914,1.702630695258752,0.7885785098965341,0.9140521853622179,1,0,Portugal,0,0,draw,0,1,1
K,1,2026-06-11,Uzbekistan,Colombia,0.0764999971632219,0.16917360050425603,0.754326402332522,0.8251038087094494,1.8722720767775014,-1.0471682680680519,0,1,Colombia,0,1,Colombia,-1,0,3
K,2,2026-06-16,Democratic Republic of the Congo,Colombia,0.12730087633521192,0.20667140033651704,0.6660277233282711,0.736157116820457,1.693194045102201,-0.9570369282817439,0,1,Colombia,1,3,Colombia,-2,0,3
K,2,2026-06-16,Portugal,Uzbekistan,0.5595581542852273,0.14890093671923038,0.29154090899554236,1.7671287195147927,0.9931262239359205,0.7740024955788721,1,0,Portugal,2,2,draw,0,1,1
K,3,2026-06-21,Democratic Republic of the Congo,Uzbekistan,0.3797460052793094,0.2643143803618118,0.3559396143588788,1.0152035600522056,1.043278444735659,-0.028074884683453316,1,1,draw,2,3,Uzbekistan,-1,0,3
K,3,2026-06-21,Portugal,Colombia,0.39779394674531116,0.24765751171353603,0.3545485415411528,1.6209012429716656,1.497710893212273,0.12319034975939269,1,1,draw,1,1,draw,0,1,1
L,1,2026-06-11,England,Croatia,0.572248960454691,0.12863167411908855,0.29911936542622053,1.6157429570344952,1.0271201640519592,0.5886227929825361,1,1,draw,2,2,draw,0,1,1
L,1,2026-06-11,Ghana,Panama,0.4382419207144579,0.22886211151691568,0.33289596776862646,1.2508881087024966,1.4962315763188916,-0.24534346761639503,1,1,draw,2,1,Ghana,1,3,0
L,2,2026-06-16,Croatia,Panama,0.501112031249353,0.14258382233694317,0.35630414641370384,1.7340397582082363,1.209332786072737,0.5247069721354993,1,1,draw,2,4,Panama,-2,0,3
L,2,2026-06-16,England,Ghana,0.49729539266696643,0.14235173433812132,0.3603528729949122,1.690042701519655,0.7623722186240898,0.9276704828955653,1,0,England,1,0,England,1,3,0
L,3,2026-06-21,Croatia,Ghana,0.4122128462085006,0.25618992179508876,0.33159723199641067,1.6415217658629944,0.9369881819731307,0.7045335838898636,1,0,Croatia,3,0,Croatia,3,3,0
L,3,2026-06-21,England,Panama,0.5449680911452314,0.2723940552832142,0.1826378535715544,1.8569570522589498,0.9408285906973843,0.9161284615615655,1,0,England,1,0,England,1,3,0
